,Date,Open,High,Low,Close,Adj Close,Volume,Year,Month,Day,Weekday
0,2021-07-23,116.0,138.899994,115.0,126.0,126.0,694895290,2021,July,23,Friday
1,2021-07-26,126.349998,143.75,125.300003,140.649994,140.649994,249723854,2021,July,26,Monday
2,2021-07-27,141.699997,147.800003,127.75,132.899994,132.899994,240341900,2021,July,27,Tuesday
3,2021-07-28,131.0,135.0,123.550003,131.199997,131.199997,159793731,2021,July,28,Wednesday
4,2021-07-29,134.949997,144.0,132.199997,141.550003,141.550003,117973089,2021,July,29,Thursday
5,2021-07-30,142.600006,142.699997,131.0,133.5,133.5,88312522,2021,July,30,Friday
6,2021-08-02,135.75,140.75,135.149994,139.699997,139.699997,66909732,2021,August,2,Monday
7,2021-08-03,137.0,140.800003,137.0,139.399994,139.399994,46610001,2021,August,3,Tuesday
8,2021-08-04,139.800003,141.0,135.25,138.399994,138.399994,41134419,2021,August,4,Wednesday
9,2021-08-05,138.75,138.899994,132.0,134.949997,134.949997,38437134,2021,August,5,Thursday
10,2021-08-06,135.5,136.199997,130.100006,131.350006,131.350006,31975356,2021,August,6,Friday
11,2021-08-09,132.399994,133.550003,127.25,130.600006,130.600006,41358299,2021,August,9,Monday
12,2021-08-10,131.0,131.449997,122.099998,125.199997,125.199997,43164004,2021,August,10,Tuesday
13,2021-08-11,123.0,138.75,123.0,135.649994,135.649994,111702781,2021,August,11,Wednesday
14,2021-08-12,135.649994,137.399994,132.050003,135.449997,135.449997,51256670,2021,August,12,Thursday
15,2021-08-13,133.850006,139.75,132.100006,137.350006,137.350006,33674300,2021,August,13,Friday
16,2021-08-16,136.399994,136.899994,132.25,134.949997,134.949997,20305361,2021,August,16,Monday
17,2021-08-17,132.800003,134.350006,130.600006,132.5,132.5,15815187,2021,August,17,Tuesday
18,2021-08-18,134.5,136.800003,133.300003,134.949997,134.949997,22566920,2021,August,18,Wednesday
19,2021-08-20,134.949997,141.449997,133.0,139.300003,139.300003,53789580,2021,August,20,Friday
20,2021-08-23,137.800003,137.800003,124.75,127.25,127.25,68470861,2021,August,23,Monday
21,2021-08-24,127.25,127.949997,120.5,125.0,125.0,56713556,2021,August,24,Tuesday
22,2021-08-25,126.0,128.5,123.099998,124.25,124.25,51078811,2021,August,25,Wednesday
23,2021-08-26,125.25,127.150002,124.349998,125.849998,125.849998,20645403,2021,August,26,Thursday
24,2021-08-27,126.599998,129.5,124.099998,124.699997,124.699997,22227595,2021,August,27,Friday
25,2021-08-30,127.849998,135.449997,127.550003,133.550003,133.550003,45239080,2021,August,30,Monday
26,2021-08-31,134.0,135.199997,131.350006,134.550003,134.550003,24640924,2021,August,31,Tuesday
27,2021-09-01,134.550003,135.100006,130.699997,132.600006,132.600006,16162269,2021,September,1,Wednesday
28,2021-09-02,132.0,138.5,131.5,137.600006,137.600006,27882466,2021,September,2,Thursday
29,2021-09-03,135.949997,151.399994,135.600006,149.75,149.75,113381518,2021,September,3,Friday
30,2021-09-06,149.25,149.350006,143.25,144.050003,144.050003,34811620,2021,September,6,Monday
31,2021-09-07,144.899994,146.850006,138.550003,140.050003,140.050003,30421931,2021,September,7,Tuesday
32,2021-09-08,141.0,143.600006,139.050003,141.25,141.25,28133284,2021,September,8,Wednesday
33,2021-09-09,141.399994,142.899994,140.0,141.600006,141.600006,18970691,2021,September,9,Thursday
34,2021-09-13,143.25,144.25,142.0,143.149994,143.149994,17426798,2021,September,13,Monday
35,2021-09-14,145.149994,152.75,136.199997,144.100006,144.100006,112358935,2021,September,14,Tuesday
36,2021-09-15,142.949997,145.0,140.75,142.649994,142.649994,38892545,2021,September,15,Wednesday
37,2021-09-16,143.0,144.0,141.5,142.050003,142.050003,17634206,2021,September,16,Thursday
38,2021-09-17,142.550003,146.899994,137.149994,137.899994,137.899994,23264091,2021,September,17,Friday
39,2021-09-20,137.699997,140.850006,133.25,134.300003,134.300003,19799941,2021,September,20,Monday
40,2021-09-21,137.199997,138.0,131.0,133.449997,133.449997,19330196,2021,September,21,Tuesday
41,2021-09-22,135.399994,135.399994,131.300003,132.100006,132.100006,16923375,2021,September,22,Wednesday
42,2021-09-23,134.5,140.399994,133.050003,137.300003,137.300003,31779169,2021,September,23,Thursday
43,2021-09-24,137.550003,139.5,136.050003,136.649994,136.649994,13099391,2021,September,24,Friday
44,2021-09-27,139.850006,144.75,138.0,143.699997,143.699997,26041244,2021,September,27,Monday
45,2021-09-28,143.899994,143.899994,137.649994,139.0,139.0,13489232,2021,September,28,Tuesday
46,2021-09-29,138.0,139.5,136.5,138.5,138.5,10801439,2021,September,29,Wednesday
47,2021-09-30,139.199997,139.199997,136.149994,136.600006,136.600006,7825751,2021,September,30,Thursday
48,2021-10-01,137.300003,140.5,137.0,138.0,138.0,11940576,2021,October,1,Friday
49,2021-10-04,139.100006,140.0,138.0,139.100006,139.100006,11995299,2021,October,4,Monday
50,2021-10-05,138.75,138.800003,137.149994,137.949997,137.949997,10912142,2021,October,5,Tuesday
51,2021-10-06,138.75,139.199997,133.699997,134.949997,134.949997,9988184,2021,October,6,Wednesday
52,2021-10-07,136.75,138.449997,136.050003,137.100006,137.100006,7317664,2021,October,7,Thursday
53,2021-10-08,138.0,138.0,135.699997,136.149994,136.149994,6207969,2021,October,8,Friday
54,2021-10-11,137.5,137.5,136.149994,136.850006,136.850006,4395523,2021,October,11,Monday
55,2021-10-12,137.300003,137.75,135.5,136.600006,136.600006,5600652,2021,October,12,Tuesday
56,2021-10-13,137.25,137.399994,134.350006,135.449997,135.449997,6351349,2021,October,13,Wednesday
57,2021-10-14,135.899994,137.300003,133.699997,135.0,135.0,8688177,2021,October,14,Thursday
58,2021-10-18,136.0,146.149994,135.899994,144.050003,144.050003,31446800,2021,October,18,Monday
59,2021-10-19,144.899994,145.100006,137.25,138.550003,138.550003,14688308,2021,October,19,Tuesday
60,2021-10-20,138.5,140.399994,133.850006,137.899994,137.899994,12607297,2021,October,20,Wednesday
61,2021-10-21,139.75,139.899994,135.800003,138.149994,138.149994,5951873,2021,October,21,Thursday
62,2021-10-22,138.949997,142.0,135.800003,137.75,137.75,11468458,2021,October,22,Friday
63,2021-10-25,138.0,138.949997,131.550003,132.699997,132.699997,13530512,2021,October,25,Monday
64,2021-10-26,133.0,137.350006,133.0,135.449997,135.449997,6445894,2021,October,26,Tuesday
65,2021-10-27,136.199997,139.25,134.5,134.800003,134.800003,8982174,2021,October,27,Wednesday
66,2021-10-28,135.350006,136.5,131.5,135.600006,135.600006,11936370,2021,October,28,Thursday
67,2021-10-29,135.0,135.0,130.5,131.550003,131.550003,12925877,2021,October,29,Friday
68,2021-11-01,133.600006,134.300003,132.0,132.649994,132.649994,6200243,2021,November,1,Monday
69,2021-11-02,132.699997,133.600006,131.75,132.449997,132.449997,7367792,2021,November,2,Tuesday
70,2021-11-03,132.899994,132.899994,127.5,128.350006,128.350006,15919925,2021,November,3,Wednesday
71,2021-11-04,130.0,132.399994,130.0,131.350006,131.350006,4101820,2021,November,4,Thursday
72,2021-11-08,132.949997,133.600006,130.600006,131.149994,131.149994,17645794,2021,November,8,Monday
73,2021-11-09,133.0,138.899994,131.649994,137.649994,137.649994,26457361,2021,November,9,Tuesday
74,2021-11-10,136.5,139.149994,135.0,136.050003,136.050003,16816048,2021,November,10,Wednesday
75,2021-11-11,142.0,144.0,132.600006,140.899994,140.899994,83582039,2021,November,11,Thursday
76,2021-11-12,142.0,155.199997,142.0,153.0,153.0,140547798,2021,November,12,Friday
77,2021-11-15,149.0,163.300003,142.350006,160.300003,160.300003,121197599,2021,November,15,Monday
78,2021-11-16,161.149994,169.0,153.800003,157.600006,157.600006,109342731,2021,November,16,Tuesday
79,2021-11-17,155.949997,162.25,154.25,156.550003,156.550003,44505156,2021,November,17,Wednesday
80,2021-11-18,158.899994,161.850006,152.5,154.699997,154.699997,46802082,2021,November,18,Thursday
81,2021-11-22,158.25,158.25,136.800003,149.75,149.75,79417849,2021,November,22,Monday
82,2021-11-23,150.0,152.0,144.25,148.699997,148.699997,38236588,2021,November,23,Tuesday
83,2021-11-24,151.100006,156.399994,149.600006,155.5,155.5,53749976,2021,November,24,Wednesday
84,2021-11-25,157.0,161.300003,154.050003,159.75,159.75,48900473,2021,November,25,Thursday
85,2021-11-26,158.449997,158.449997,146.25,148.149994,148.149994,35968151,2021,November,26,Friday
86,2021-11-29,148.800003,153.899994,137.5,149.100006,149.100006,43972445,2021,November,29,Monday
87,2021-11-30,149.949997,158.0,145.300003,152.550003,152.550003,258130152,2021,November,30,Tuesday
88,2021-12-01,153.0,157.899994,149.449997,151.399994,151.399994,32604856,2021,December,1,Wednesday
89,2021-12-02,151.600006,153.800003,147.800003,150.649994,150.649994,23508261,2021,December,2,Thursday
90,2021-12-03,152.100006,152.800003,143.850006,144.899994,144.899994,26452896,2021,December,3,Friday
91,2021-12-06,146.600006,146.850006,135.300003,138.550003,138.550003,33244501,2021,December,6,Monday
92,2021-12-07,141.350006,143.800003,138.649994,139.800003,139.800003,36835410,2021,December,7,Tuesday
93,2021-12-08,141.0,148.600006,140.25,147.600006,147.600006,37324365,2021,December,8,Wednesday
94,2021-12-09,148.649994,148.649994,145.300003,146.25,146.25,18377899,2021,December,9,Thursday
95,2021-12-10,144.100006,146.399994,139.75,140.550003,140.550003,27881031,2021,December,10,Friday
96,2021-12-13,142.199997,144.449997,141.899994,142.649994,142.649994,20318225,2021,December,13,Monday
97,2021-12-14,144.699997,144.949997,140.0,140.649994,140.649994,19474412,2021,December,14,Tuesday
98,2021-12-15,140.5,142.0,140.0,140.600006,140.600006,12791660,2021,December,15,Wednesday
99,2021-12-16,141.899994,142.850006,137.399994,138.399994,138.399994,17182101,2021,December,16,Thursday
100,2021-12-17,138.949997,141.0,132.350006,135.350006,135.350006,95386202,2021,December,17,Friday
101,2021-12-20,135.300003,135.75,124.599998,126.550003,126.550003,36064413,2021,December,20,Monday
102,2021-12-21,128.850006,132.850006,128.600006,131.600006,131.600006,20442777,2021,December,21,Tuesday
103,2021-12-22,133.050003,139.75,133.0,138.649994,138.649994,19425711,2021,December,22,Wednesday
104,2021-12-23,140.050003,140.75,132.100006,133.0,133.0,21934786,2021,December,23,Thursday
105,2021-12-24,134.5,134.5,129.600006,131.449997,131.449997,17625584,2021,December,24,Friday
106,2021-12-27,131.350006,133.850006,128.0,132.75,132.75,13934154,2021,December,27,Monday
107,2021-12-28,133.699997,134.0,131.649994,132.850006,132.850006,11170275,2021,December,28,Tuesday
108,2021-12-29,132.699997,137.699997,131.550003,137.100006,137.100006,18914246,2021,December,29,Wednesday
109,2021-12-30,137.050003,137.050003,133.300003,133.949997,133.949997,8369208,2021,December,30,Thursday
110,2021-12-31,133.850006,138.399994,133.399994,137.399994,137.399994,11452243,2021,December,31,Friday
111,2022-01-03,139.699997,142.449997,138.300003,141.350006,141.350006,22518241,2022,January,3,Monday
112,2022-01-04,141.350006,141.550003,137.600006,138.350006,138.350006,10705792,2022,January,4,Tuesday
113,2022-01-05,137.899994,137.899994,133.300003,133.949997,133.949997,15874857,2022,January,5,Wednesday
114,2022-01-06,133.0,133.149994,129.600006,130.0,130.0,23780419,2022,January,6,Thursday
115,2022-01-07,130.0,131.449997,129.0,129.25,129.25,22846951,2022,January,7,Friday
116,2022-01-10,130.5,130.899994,129.399994,130.199997,130.199997,11389370,2022,January,10,Monday
117,2022-01-11,131.0,132.5,130.0,131.300003,131.300003,15396652,2022,January,11,Tuesday
118,2022-01-12,132.100006,132.899994,131.600006,132.25,132.25,8004430,2022,January,12,Wednesday
119,2022-01-13,132.5,133.449997,132.350006,133.100006,133.100006,6535224,2022,January,13,Thursday
120,2022-01-14,133.100006,134.449997,132.050003,133.600006,133.600006,9443928,2022,January,14,Friday
121,2022-01-17,133.600006,134.5,133.0,134.0,134.0,7515979,2022,January,17,Monday
122,2022-01-18,134.5,134.600006,132.800003,133.050003,133.050003,9428096,2022,January,18,Tuesday
123,2022-01-19,131.699997,132.399994,128.25,129.199997,129.199997,27812341,2022,January,19,Wednesday
124,2022-01-20,127.949997,130.699997,125.0,125.199997,125.199997,23290545,2022,January,20,Thursday
125,2022-01-21,125.150002,125.150002,112.550003,113.650002,113.650002,59805922,2022,January,21,Friday
126,2022-01-24,114.0,114.199997,90.949997,91.349998,91.349998,167044739,2022,January,24,Monday
127,2022-01-25,90.949997,100.449997,84.150002,100.449997,100.449997,138336211,2022,January,25,Tuesday
128,2022-01-27,98.0,98.0,90.449997,90.5,90.5,106488772,2022,January,27,Thursday
129,2022-01-28,93.599998,96.449997,88.800003,89.550003,89.550003,61452438,2022,January,28,Friday
130,2022-01-31,91.349998,92.5,89.650002,90.400002,90.400002,20203799,2022,January,31,Monday
131,2022-02-01,91.75,95.800003,91.050003,94.550003,94.550003,32606751,2022,February,1,Tuesday
132,2022-02-02,95.75,99.75,94.800003,98.900002,98.900002,18674088,2022,February,2,Wednesday
133,2022-02-03,98.5,98.5,96.099998,97.099998,97.099998,9769090,2022,February,3,Thursday
134,2022-02-04,97.199997,97.849998,93.599998,94.199997,94.199997,15354384,2022,February,4,Friday
135,2022-02-07,95.099998,95.5,93.349998,93.550003,93.550003,10900141,2022,February,7,Monday
136,2022-02-08,94.349998,94.650002,91.25,93.550003,93.550003,9026735,2022,February,8,Tuesday
137,2022-02-09,94.5,95.449997,93.599998,94.199997,94.199997,7876462,2022,February,9,Wednesday
138,2022-02-10,94.900002,95.400002,93.0,94.449997,94.449997,13257124,2022,February,10,Thursday
139,2022-02-11,92.75,92.75,86.5,88.699997,88.699997,39976783,2022,February,11,Friday
140,2022-02-14,87.0,87.0,80.550003,82.449997,82.449997,35049550,2022,February,14,Monday
141,2022-02-15,83.5,84.650002,75.75,82.699997,82.699997,106216252,2022,February,15,Tuesday
142,2022-02-16,85.0,87.0,84.25,84.949997,84.949997,33106605,2022,February,16,Wednesday
143,2022-02-17,86.5,90.099998,85.900002,89.150002,89.150002,29566401,2022,February,17,Thursday
144,2022-02-18,88.099998,88.400002,85.199997,85.900002,85.900002,15037123,2022,February,18,Friday
145,2022-02-21,84.199997,84.800003,80.650002,81.550003,81.550003,18853339,2022,February,21,Monday
146,2022-02-22,78.0,80.550003,77.0,79.699997,79.699997,28814770,2022,February,22,Tuesday
147,2022-02-23,82.0,85.150002,81.199997,84.150002,84.150002,19847603,2022,February,23,Wednesday
148,2022-02-24,78.650002,81.5,78.099998,78.5,78.5,22035319,2022,February,24,Thursday
149,2022-02-25,82.0,83.400002,78.150002,78.800003,78.800003,22876044,2022,February,25,Friday
150,2022-02-28,79.0,80.949997,76.550003,79.949997,79.949997,41975659,2022,February,28,Monday
151,2022-03-02,80.0,82.0,79.0,79.849998,79.849998,20353225,2022,March,2,Wednesday
152,2022-03-03,81.5,83.199997,81.199997,82.199997,82.199997,16067224,2022,March,3,Thursday
153,2022-03-04,80.5,82.900002,79.5,80.199997,80.199997,15145236,2022,March,4,Friday
154,2022-03-07,79.0,79.650002,78.0,79.0,79.0,9764606,2022,March,7,Monday
155,2022-03-08,79.25,80.599998,77.599998,78.150002,78.150002,12381953,2022,March,8,Tuesday
156,2022-03-09,79.449997,80.650002,78.900002,80.349998,80.349998,11887757,2022,March,9,Wednesday
157,2022-03-10,82.550003,83.949997,81.699997,82.199997,82.199997,13476206,2022,March,10,Thursday
158,2022-03-11,82.400002,82.400002,79.5,79.900002,79.900002,18964704,2022,March,11,Friday
159,2022-03-14,80.699997,80.699997,79.0,79.300003,79.300003,7261365,2022,March,14,Monday
160,2022-03-15,79.300003,79.599998,76.0,76.550003,76.550003,18900800,2022,March,15,Tuesday
161,2022-03-16,80.0,80.0,75.5,75.949997,75.949997,42383305,2022,March,16,Wednesday
162,2022-03-17,77.199997,82.0,76.800003,80.849998,80.849998,34440238,2022,March,17,Thursday
163,2022-03-21,82.0,83.300003,79.25,80.400002,80.400002,28669864,2022,March,21,Monday
164,2022-03-22,80.949997,81.900002,79.300003,81.150002,81.150002,23798591,2022,March,22,Tuesday
165,2022-03-23,82.0,82.0,80.199997,80.75,80.75,12522850,2022,March,23,Wednesday
166,2022-03-24,80.699997,82.349998,80.050003,80.349998,80.349998,12996477,2022,March,24,Thursday
167,2022-03-25,81.0,81.849998,80.25,80.599998,80.599998,13585986,2022,March,25,Friday
168,2022-03-28,80.599998,81.0,79.150002,79.650002,79.650002,10034667,2022,March,28,Monday
169,2022-03-29,80.050003,80.5,78.050003,78.199997,78.199997,13466521,2022,March,29,Tuesday
170,2022-03-30,79.0,86.0,78.5,85.050003,85.050003,41305975,2022,March,30,Wednesday
171,2022-03-31,88.699997,88.699997,81.75,82.300003,82.300003,34672910,2022,March,31,Thursday
172,2022-04-01,82.099998,85.599998,82.050003,84.300003,84.300003,15586812,2022,April,1,Friday
173,2022-04-04,84.400002,87.699997,84.400002,86.25,86.25,18040882,2022,April,4,Monday
174,2022-04-05,83.0,85.150002,82.349998,83.900002,83.900002,28433443,2022,April,5,Tuesday
175,2022-04-06,83.75,85.300003,83.150002,84.550003,84.550003,10697018,2022,April,6,Wednesday
176,2022-04-07,84.800003,85.25,82.25,82.5,82.5,9709022,2022,April,7,Thursday
177,2022-04-08,83.5,85.5,82.75,83.400002,83.400002,14851737,2022,April,8,Friday
178,2022-04-11,83.150002,85.849998,83.0,84.449997,84.449997,17609808,2022,April,11,Monday
179,2022-04-12,84.300003,84.300003,81.0,81.5,81.5,12913673,2022,April,12,Tuesday
180,2022-04-13,82.5,88.300003,82.150002,83.900002,83.900002,52988189,2022,April,13,Wednesday
181,2022-04-18,83.699997,84.400002,82.550003,82.900002,82.900002,14209908,2022,April,18,Monday
182,2022-04-19,83.099998,83.900002,79.449997,80.449997,80.449997,13439870,2022,April,19,Tuesday
183,2022-04-20,81.599998,82.300003,80.0,80.300003,80.300003,12797463,2022,April,20,Wednesday
184,2022-04-21,81.099998,81.849998,80.650002,80.800003,80.800003,6780602,2022,April,21,Thursday
185,2022-04-22,80.699997,81.800003,80.199997,81.199997,81.199997,7211263,2022,April,22,Friday
186,2022-04-25,80.5,81.599998,78.599998,78.75,78.75,16717052,2022,April,25,Monday
187,2022-04-26,80.599998,80.900002,78.599998,79.599998,79.599998,9548939,2022,April,26,Tuesday
188,2022-04-27,79.400002,79.599998,75.5,75.849998,75.849998,23626624,2022,April,27,Wednesday
189,2022-04-28,77.349998,77.599998,73.5,73.849998,73.849998,21338831,2022,April,28,Thursday
190,2022-04-29,74.699997,74.849998,71.099998,71.75,71.75,24873682,2022,April,29,Friday
191,2022-05-02,71.75,71.900002,68.75,69.5,69.5,18464589,2022,May,2,Monday
192,2022-05-04,69.75,70.0,63.900002,64.449997,64.449997,43049544,2022,May,4,Wednesday
193,2022-05-05,65.75,66.650002,60.5,61.150002,61.150002,40296393,2022,May,5,Thursday
194,2022-05-06,59.299999,62.299999,57.650002,60.5,60.5,47189321,2022,May,6,Friday
195,2022-05-09,59.599998,60.400002,55.650002,56.75,56.75,38279098,2022,May,9,Monday
196,2022-05-10,55.75,56.75,50.049999,52.450001,52.450001,45135581,2022,May,10,Tuesday
197,2022-05-11,52.0,56.450001,50.299999,54.200001,54.200001,99812774,2022,May,11,Wednesday
198,2022-05-12,53.799999,53.900002,51.049999,51.950001,51.950001,37338266,2022,May,12,Thursday
199,2022-05-13,53.299999,59.200001,52.25,56.849998,56.849998,79292212,2022,May,13,Friday
200,2022-05-16,56.849998,57.700001,54.75,56.400002,56.400002,37036105,2022,May,16,Monday
201,2022-05-17,56.099998,56.700001,55.150002,56.150002,56.150002,21460388,2022,May,17,Tuesday
202,2022-05-18,56.099998,59.599998,55.849998,58.75,58.75,57728111,2022,May,18,Wednesday
203,2022-05-19,56.5,56.849998,54.799999,55.349998,55.349998,31970099,2022,May,19,Thursday
204,2022-05-20,56.5,58.75,56.400002,58.049999,58.049999,32411623,2022,May,20,Friday
205,2022-05-23,58.700001,60.5,56.599998,57.049999,57.049999,36830591,2022,May,23,Monday
206,2022-05-24,57.950001,67.599998,57.900002,64.949997,64.949997,193577787,2022,May,24,Tuesday
207,2022-05-25,65.699997,66.900002,60.650002,62.299999,62.299999,104446924,2022,May,25,Wednesday
208,2022-05-26,61.0,62.5,59.599998,60.450001,60.450001,46556399,2022,May,26,Thursday
209,2022-05-27,63.0,63.0,61.5,62.049999,62.049999,32064280,2022,May,27,Friday
210,2022-05-30,63.25,72.099998,62.599998,71.050003,71.050003,124103679,2022,May,30,Monday
211,2022-05-31,68.5,77.699997,67.400002,74.650002,74.650002,184333915,2022,May,31,Tuesday
212,2022-06-01,75.400002,79.800003,73.099998,74.699997,74.699997,127949782,2022,June,1,Wednesday
213,2022-06-02,74.400002,74.400002,71.400002,71.949997,71.949997,47866809,2022,June,2,Thursday
214,2022-06-03,73.900002,74.849998,71.199997,72.150002,72.150002,35779760,2022,June,3,Friday
215,2022-06-06,70.0,71.199997,69.199997,69.900002,69.900002,30078469,2022,June,6,Monday
216,2022-06-07,69.699997,69.699997,64.75,65.400002,65.400002,41755337,2022,June,7,Tuesday
217,2022-06-08,66.0,68.599998,64.099998,67.150002,67.150002,46697875,2022,June,8,Wednesday
218,2022-06-09,66.199997,69.699997,65.0,68.699997,68.699997,47653877,2022,June,9,Thursday
219,2022-06-10,67.300003,69.699997,66.5,69.0,69.0,42040372,2022,June,10,Friday
220,2022-06-13,67.5,68.300003,65.400002,67.5,67.5,34863276,2022,June,13,Monday
221,2022-06-14,64.199997,70.75,64.0,70.0,70.0,66677006,2022,June,14,Tuesday
222,2022-06-15,70.650002,71.900002,68.949997,70.199997,70.199997,33246369,2022,June,15,Wednesday
223,2022-06-16,72.0,72.0,66.099998,67.199997,67.199997,41879881,2022,June,16,Thursday
224,2022-06-17,65.650002,69.400002,65.300003,67.050003,67.050003,33597224,2022,June,17,Friday
225,2022-06-20,68.0,68.0,64.050003,65.0,65.0,27409011,2022,June,20,Monday
226,2022-06-21,65.5,67.25,65.349998,66.050003,66.050003,22905677,2022,June,21,Tuesday
227,2022-06-22,65.949997,68.599998,65.0,67.599998,67.599998,35026600,2022,June,22,Wednesday
228,2022-06-23,67.050003,70.0,66.5,69.550003,69.550003,33785882,2022,June,23,Thursday
229,2022-06-24,71.0,71.849998,69.550003,70.5,70.5,23948418,2022,June,24,Friday
230,2022-06-27,72.650002,72.699997,65.0,65.849998,65.849998,110751340,2022,June,27,Monday
231,2022-06-28,65.699997,65.699997,59.650002,60.299999,60.299999,120959477,2022,June,28,Tuesday
232,2022-06-29,58.75,61.450001,56.849998,57.299999,57.299999,96955320,2022,June,29,Wednesday
233,2022-06-30,57.799999,59.0,53.349998,53.849998,53.849998,106893631,2022,June,30,Thursday
234,2022-07-01,54.150002,56.700001,52.549999,56.150002,56.150002,112078641,2022,July,1,Friday
235,2022-07-04,54.5,55.799999,53.299999,54.299999,54.299999,56902459,2022,July,4,Monday
236,2022-07-05,55.400002,55.900002,54.349998,55.450001,55.450001,51276627,2022,July,5,Tuesday
237,2022-07-06,55.799999,55.799999,53.900002,54.349998,54.349998,32403447,2022,July,6,Wednesday
238,2022-07-07,54.650002,55.150002,53.75,54.450001,54.450001,35759428,2022,July,7,Thursday
239,2022-07-08,55.0,55.299999,54.299999,54.799999,54.799999,21413556,2022,July,8,Friday
240,2022-07-11,54.700001,56.5,54.200001,56.099998,56.099998,21739009,2022,July,11,Monday
241,2022-07-12,55.900002,59.650002,55.5,59.0,59.0,57986568,2022,July,12,Tuesday
242,2022-07-13,59.0,61.5,58.0,58.349998,58.349998,73383005,2022,July,13,Wednesday
243,2022-07-14,58.400002,59.0,55.299999,55.650002,55.650002,43024089,2022,July,14,Thursday
244,2022-07-15,56.200001,56.200001,53.349998,53.900002,53.900002,47995067,2022,July,15,Friday
245,2022-07-18,54.700001,55.099998,52.849998,53.599998,53.599998,47689463,2022,July,18,Monday
246,2022-07-19,53.650002,54.400002,53.299999,53.950001,53.950001,35427093,2022,July,19,Tuesday
247,2022-07-20,54.5,54.5,53.200001,53.400002,53.400002,37683099,2022,July,20,Wednesday
248,2022-07-21,53.349998,54.450001,52.700001,53.5,53.5,29402446,2022,July,21,Thursday
249,2022-07-22,53.75,54.0,52.900002,53.650002,53.650002,27302087,2022,July,22,Friday
250,2022-07-25,52.5,52.5,46.0,47.599998,47.599998,232841112,2022,July,25,Monday
251,2022-07-26,46.599998,46.650002,41.200001,41.650002,41.650002,412304737,2022,July,26,Tuesday
252,2022-07-27,40.849998,44.400002,40.599998,43.950001,43.950001,411205172,2022,July,27,Wednesday
253,2022-07-28,44.900002,46.299999,43.049999,45.700001,45.700001,267544569,2022,July,28,Thursday
254,2022-07-29,45.599998,47.200001,44.549999,46.799999,46.799999,177187972,2022,July,29,Friday
255,2022-08-01,46.799999,47.25,45.049999,46.299999,46.299999,135944043,2022,August,1,Monday
256,2022-08-02,50.0,55.549999,48.400002,55.549999,55.549999,528899748,2022,August,2,Tuesday
257,2022-08-03,52.5,56.900002,51.75,55.450001,55.450001,599688336,2022,August,3,Wednesday
258,2022-08-04,55.75,58.650002,54.5,57.849998,57.849998,420183405,2022,August,4,Thursday
259,2022-08-05,57.900002,59.150002,53.25,54.599998,54.599998,315019033,2022,August,5,Friday
260,2022-08-08,54.700001,56.200001,54.200001,55.450001,55.450001,178185076,2022,August,8,Monday
261,2022-08-10,56.200001,56.549999,54.5,55.950001,55.950001,200699912,2022,August,10,Wednesday
262,2022-08-11,56.900002,58.150002,56.349998,57.900002,57.900002,130942734,2022,August,11,Thursday
263,2022-08-12,58.099998,63.099998,57.900002,61.75,61.75,351208957,2022,August,12,Friday
264,2022-08-16,62.650002,67.449997,62.5,64.25,64.25,250686966,2022,August,16,Tuesday
265,2022-08-17,64.800003,65.599998,61.799999,65.25,65.25,258066522,2022,August,17,Wednesday
266,2022-08-18,65.599998,69.25,65.0,67.099998,67.099998,303566868,2022,August,18,Thursday
267,2022-08-19,67.400002,68.25,60.150002,61.450001,61.450001,295737752,2022,August,19,Friday
268,2022-08-22,61.0,62.849998,59.25,62.0,62.0,226773007,2022,August,22,Monday
269,2022-08-23,62.299999,65.25,62.150002,64.449997,64.449997,218585102,2022,August,23,Tuesday
270,2022-08-24,64.099998,64.199997,61.700001,62.200001,62.200001,116401002,2022,August,24,Wednesday
271,2022-08-25,62.799999,63.200001,61.650002,62.099998,62.099998,81137105,2022,August,25,Thursday
272,2022-08-26,62.400002,62.700001,60.549999,61.849998,61.849998,87939030,2022,August,26,Friday
273,2022-08-29,59.700001,60.549999,58.349998,59.200001,59.200001,98493347,2022,August,29,Monday
274,2022-08-30,60.200001,61.25,57.299999,57.950001,57.950001,162054037,2022,August,30,Tuesday
275,2022-09-01,58.700001,63.150002,58.25,62.450001,62.450001,192477817,2022,September,1,Thursday
276,2022-09-02,63.400002,63.400002,59.400002,59.75,59.75,137946710,2022,September,2,Friday
277,2022-09-05,60.450001,60.799999,59.299999,59.650002,59.650002,84539046,2022,September,5,Monday
278,2022-09-06,60.299999,60.799999,59.400002,59.700001,59.700001,70186636,2022,September,6,Tuesday
279,2022-09-07,59.650002,60.400002,59.200001,59.5,59.5,59843737,2022,September,7,Wednesday
280,2022-09-08,60.349998,62.5,59.799999,61.349998,61.349998,128430049,2022,September,8,Thursday
281,2022-09-09,62.0,63.650002,62.0,62.799999,62.799999,139369425,2022,September,9,Friday
282,2022-09-12,63.0,63.200001,62.25,62.549999,62.549999,64044347,2022,September,12,Monday
283,2022-09-13,63.0,66.599998,62.799999,65.449997,65.449997,199032705,2022,September,13,Tuesday
284,2022-09-14,64.050003,65.150002,62.75,63.299999,63.299999,119824317,2022,September,14,Wednesday
285,2022-09-15,64.0,64.900002,63.299999,64.599998,64.599998,88185944,2022,September,15,Thursday
286,2022-09-16,64.400002,65.0,61.099998,63.200001,63.200001,196537446,2022,September,16,Friday
287,2022-09-19,64.199997,65.449997,63.450001,63.950001,63.950001,70453100,2022,September,19,Monday
288,2022-09-20,64.900002,65.699997,62.400002,62.849998,62.849998,77904810,2022,September,20,Tuesday
289,2022-09-21,63.299999,63.950001,62.400002,63.450001,63.450001,59131994,2022,September,21,Wednesday
290,2022-09-22,62.900002,63.75,62.599998,63.299999,63.299999,34716572,2022,September,22,Thursday
291,2022-09-23,63.0,63.349998,60.400002,60.799999,60.799999,56730282,2022,September,23,Friday
292,2022-09-26,60.0,60.650002,57.400002,57.799999,57.799999,65832873,2022,September,26,Monday
293,2022-09-27,58.150002,59.75,56.950001,58.849998,58.849998,79641870,2022,September,27,Tuesday
294,2022-09-28,57.799999,59.25,57.5,58.049999,58.049999,64334024,2022,September,28,Wednesday
295,2022-09-29,59.200001,62.0,58.900002,61.200001,61.200001,76969699,2022,September,29,Thursday
296,2022-09-30,61.5,62.849998,59.75,62.349998,62.349998,71494895,2022,September,30,Friday
297,2022-10-03,62.0,63.099998,61.200001,61.900002,61.900002,44528871,2022,October,3,Monday
298,2022-10-04,63.099998,64.449997,63.0,64.050003,64.050003,47077008,2022,October,4,Tuesday
299,2022-10-06,64.400002,66.150002,64.25,65.550003,65.550003,59866072,2022,October,6,Thursday
300,2022-10-07,65.150002,70.199997,64.599998,69.550003,69.550003,170879536,2022,October,7,Friday
301,2022-10-10,68.400002,69.699997,67.5,68.699997,68.699997,87158481,2022,October,10,Monday
302,2022-10-11,68.400002,69.199997,65.0,65.550003,65.550003,70171064,2022,October,11,Tuesday
303,2022-10-12,65.650002,66.449997,63.049999,63.75,63.75,67799710,2022,October,12,Wednesday
304,2022-10-13,64.099998,64.650002,61.0,61.25,61.25,73750800,2022,October,13,Thursday
305,2022-10-14,63.0,64.150002,61.599998,61.900002,61.900002,85139332,2022,October,14,Friday
306,2022-10-17,61.900002,63.25,61.150002,62.650002,62.650002,56007734,2022,October,17,Monday
307,2022-10-18,63.650002,64.400002,62.75,63.0,63.0,49431277,2022,October,18,Tuesday
308,2022-10-19,63.400002,63.700001,61.5,62.049999,62.049999,52638798,2022,October,19,Wednesday
309,2022-10-20,61.700001,62.0,60.849998,61.299999,61.299999,57513138,2022,October,20,Thursday
310,2022-10-21,61.799999,63.200001,61.299999,61.799999,61.799999,65825881,2022,October,21,Friday
311,2022-10-24,62.900002,62.950001,62.049999,62.349998,62.349998,7775480,2022,October,24,Monday
312,2022-10-25,62.700001,64.900002,62.400002,64.599998,64.599998,81043498,2022,October,25,Tuesday
313,2022-10-27,64.099998,65.650002,63.5,65.099998,65.099998,64853360,2022,October,27,Thursday
314,2022-10-28,65.25,65.699997,62.299999,62.599998,62.599998,56787309,2022,October,28,Friday
315,2022-10-31,63.599998,63.849998,62.099998,63.099998,63.099998,45949861,2022,October,31,Monday
316,2022-11-01,63.5,63.75,62.700001,63.5,63.5,50425928,2022,November,1,Tuesday
317,2022-11-02,63.75,64.699997,62.700001,63.0,63.0,52915032,2022,November,2,Wednesday
318,2022-11-03,62.799999,62.799999,62.0,62.200001,62.200001,31729457,2022,November,3,Thursday
319,2022-11-04,62.75,63.650002,62.450001,63.0,63.0,35296904,2022,November,4,Friday
320,2022-11-07,63.849998,65.449997,63.25,65.099998,65.099998,56815391,2022,November,7,Monday
321,2022-11-09,65.449997,67.5,65.0,65.300003,65.300003,87424592,2022,November,9,Wednesday
322,2022-11-10,65.5,65.949997,63.150002,63.950001,63.950001,44332611,2022,November,10,Thursday
323,2022-11-11,66.0,73.550003,65.5,72.800003,72.800003,397758848,2022,November,11,Friday
324,2022-11-14,74.300003,75.449997,69.050003,69.599998,69.599998,186727024,2022,November,14,Monday
325,2022-11-15,69.599998,71.150002,69.099998,69.949997,69.949997,68397103,2022,November,15,Tuesday
326,2022-11-16,69.949997,70.5,67.699997,68.699997,68.699997,75425523,2022,November,16,Wednesday
327,2022-11-17,68.400002,69.800003,67.5,67.699997,67.699997,60115704,2022,November,17,Thursday
328,2022-11-18,68.150002,69.349998,66.900002,67.150002,67.150002,62855692,2022,November,18,Friday
329,2022-11-21,66.400002,66.400002,63.799999,64.300003,64.300003,85998316,2022,November,21,Monday
330,2022-11-22,64.900002,64.900002,63.299999,63.950001,63.950001,50715391,2022,November,22,Tuesday
331,2022-11-23,63.5,64.300003,61.400002,61.75,61.75,69815602,2022,November,23,Wednesday
332,2022-11-24,62.299999,64.099998,62.049999,63.200001,63.200001,90679986,2022,November,24,Thursday
333,2022-11-25,64.0,64.900002,63.049999,64.0,64.0,74237526,2022,November,25,Friday
334,2022-11-28,64.25,65.300003,63.799999,64.400002,64.400002,53453545,2022,November,28,Monday
335,2022-11-29,64.400002,64.900002,63.0,63.549999,63.549999,32230342,2022,November,29,Tuesday
336,2022-11-30,63.0,66.800003,61.900002,65.25,65.25,549718630,2022,November,30,Wednesday
337,2022-12-01,66.5,67.150002,65.400002,66.650002,66.650002,83610566,2022,December,1,Thursday
338,2022-12-02,66.75,68.900002,66.5,68.550003,68.550003,96262543,2022,December,2,Friday
339,2022-12-05,68.849998,69.0,65.0,65.449997,65.449997,85107187,2022,December,5,Monday
340,2022-12-06,64.75,65.449997,64.449997,64.800003,64.800003,40042683,2022,December,6,Tuesday
341,2022-12-07,65.099998,65.400002,64.099998,64.449997,64.449997,29775697,2022,December,7,Wednesday
342,2022-12-08,64.800003,64.800003,63.650002,63.799999,63.799999,35341241,2022,December,8,Thursday
343,2022-12-09,64.199997,64.849998,63.900002,64.150002,64.150002,36490408,2022,December,9,Friday
344,2022-12-12,64.150002,64.75,63.599998,64.400002,64.400002,20602398,2022,December,12,Monday
345,2022-12-13,64.800003,65.199997,64.349998,64.599998,64.599998,21917723,2022,December,13,Tuesday
346,2022-12-14,64.849998,65.449997,64.599998,65.0,65.0,24599687,2022,December,14,Wednesday
347,2022-12-15,64.949997,65.25,63.799999,64.150002,64.150002,19011713,2022,December,15,Thursday
348,2022-12-16,63.75,64.0,61.849998,62.150002,62.150002,48220919,2022,December,16,Friday
349,2022-12-19,62.400002,62.799999,62.0,62.150002,62.150002,21470297,2022,December,19,Monday
350,2022-12-20,62.099998,63.200001,61.900002,62.849998,62.849998,32487667,2022,December,20,Tuesday
351,2022-12-21,63.200001,63.5,60.849998,61.349998,61.349998,39979212,2022,December,21,Wednesday
352,2022-12-22,61.799999,62.049999,58.549999,58.950001,58.950001,53936114,2022,December,22,Thursday
353,2022-12-23,58.299999,58.349998,53.200001,53.650002,53.650002,93022114,2022,December,23,Friday
354,2022-12-26,53.950001,59.75,53.450001,58.150002,58.150002,83571451,2022,December,26,Monday
355,2022-12-27,59.400002,60.599998,58.5,58.950001,58.950001,54205000,2022,December,27,Tuesday
356,2022-12-28,58.5,60.799999,57.849998,60.150002,60.150002,70502428,2022,December,28,Wednesday
357,2022-12-29,59.5,61.549999,59.0,60.849998,60.849998,24973807,2022,December,29,Thursday
358,2022-12-30,61.0,61.450001,59.0,59.299999,59.299999,33251260,2022,December,30,Friday
359,2023-01-02,60.650002,60.700001,59.799999,60.299999,60.299999,18759536,2023,January,2,Monday
360,2023-01-03,58.849998,59.549999,57.299999,58.950001,58.950001,49702768,2023,January,3,Tuesday
361,2023-01-04,58.400002,58.700001,56.0,56.349998,56.349998,48975781,2023,January,4,Wednesday
362,2023-01-05,56.950001,57.099998,55.599998,56.200001,56.200001,34448671,2023,January,5,Thursday
363,2023-01-06,56.200001,56.400002,54.950001,55.25,55.25,30272416,2023,January,6,Friday
364,2023-01-09,56.0,57.25,55.75,56.0,56.0,35490334,2023,January,9,Monday
365,2023-01-10,56.0,56.150002,53.799999,54.700001,54.700001,45966335,2023,January,10,Tuesday
366,2023-01-11,55.0,56.150002,54.099998,54.349998,54.349998,32626665,2023,January,11,Wednesday
367,2023-01-12,54.700001,55.0,52.950001,53.75,53.75,38856261,2023,January,12,Thursday
368,2023-01-13,54.099998,54.5,53.049999,53.25,53.25,38735350,2023,January,13,Friday
369,2023-01-16,54.0,54.299999,52.5,52.700001,52.700001,35892303,2023,January,16,Monday
370,2023-01-17,53.0,53.099998,50.0,50.150002,50.150002,77122987,2023,January,17,Tuesday
371,2023-01-18,50.400002,51.450001,48.849998,51.0,51.0,84541855,2023,January,18,Wednesday
372,2023-01-19,50.299999,51.900002,50.049999,51.099998,51.099998,54523340,2023,January,19,Thursday
373,2023-01-20,51.400002,52.25,50.549999,51.450001,51.450001,47355757,2023,January,20,Friday
374,2023-01-23,51.900002,51.900002,50.650002,51.0,51.0,24658884,2023,January,23,Monday
375,2023-01-24,51.0,52.299999,50.650002,52.099998,52.099998,47720352,2023,January,24,Tuesday
376,2023-01-25,52.0,52.049999,44.349998,47.75,47.75,237764175,2023,January,25,Wednesday
377,2023-01-27,49.0,51.799999,46.700001,46.950001,46.950001,169788452,2023,January,27,Friday
378,2023-01-30,47.900002,48.549999,46.700001,47.400002,47.400002,54376637,2023,January,30,Monday
379,2023-01-31,48.0,50.700001,46.450001,49.75,49.75,95398497,2023,January,31,Tuesday
380,2023-02-01,50.0,51.049999,47.049999,48.150002,48.150002,68752685,2023,February,1,Wednesday
381,2023-02-02,48.400002,48.900002,47.150002,47.5,47.5,40751688,2023,February,2,Thursday
382,2023-02-03,48.150002,49.25,47.700001,48.75,48.75,42497841,2023,February,3,Friday
383,2023-02-06,48.700001,49.099998,47.549999,47.75,47.75,35956956,2023,February,6,Monday
384,2023-02-07,48.0,51.0,47.599998,49.349998,49.349998,61077398,2023,February,7,Tuesday
385,2023-02-08,51.200001,55.299999,51.099998,54.299999,54.299999,265595807,2023,February,8,Wednesday
386,2023-02-09,54.700001,56.799999,53.400002,54.400002,54.400002,216398621,2023,February,9,Thursday
387,2023-02-10,52.700001,54.150002,50.700001,53.299999,53.299999,176950201,2023,February,10,Friday
388,2023-02-13,53.0,53.700001,51.25,51.799999,51.799999,86162276,2023,February,13,Monday
389,2023-02-14,51.799999,52.5,49.900002,50.349998,50.349998,79395202,2023,February,14,Tuesday
390,2023-02-15,50.549999,50.900002,49.799999,50.25,50.25,49655881,2023,February,15,Wednesday
391,2023-02-16,50.799999,51.799999,50.450001,51.400002,51.400002,48841966,2023,February,16,Thursday
392,2023-02-17,51.25,52.200001,50.700001,51.799999,51.799999,52862406,2023,February,17,Friday
393,2023-02-20,51.900002,55.049999,51.75,54.599998,54.599998,93315254,2023,February,20,Monday
394,2023-02-21,54.599998,56.150002,54.400002,55.349998,55.349998,100106053,2023,February,21,Tuesday
395,2023-02-22,54.849998,55.400002,52.599998,52.950001,52.950001,75802021,2023,February,22,Wednesday
396,2023-02-23,53.0,56.0,52.799999,54.950001,54.950001,118058937,2023,February,23,Thursday
397,2023-02-24,55.5,56.75,54.0,54.450001,54.450001,73440699,2023,February,24,Friday
398,2023-02-27,54.700001,54.75,53.200001,53.599998,53.599998,38735556,2023,February,27,Monday
399,2023-02-28,53.700001,54.400002,53.0,53.5,53.5,45414869,2023,February,28,Tuesday
400,2023-03-01,53.5,55.349998,53.349998,54.950001,54.950001,42854827,2023,March,1,Wednesday
401,2023-03-02,54.75,55.200001,54.349998,54.549999,54.549999,36256148,2023,March,2,Thursday
402,2023-03-03,54.900002,55.400002,53.200001,53.650002,53.650002,36943821,2023,March,3,Friday
403,2023-03-06,54.0,54.950001,53.700001,53.950001,53.950001,33492583,2023,March,6,Monday
404,2023-03-08,53.450001,55.299999,52.650002,54.799999,54.799999,44159725,2023,March,8,Wednesday
405,2023-03-09,55.099998,56.349998,53.900002,54.049999,54.049999,56021946,2023,March,9,Thursday
406,2023-03-10,53.799999,54.5,53.299999,53.849998,53.849998,39226931,2023,March,10,Friday
407,2023-03-13,53.950001,54.700001,51.599998,51.900002,51.900002,52374659,2023,March,13,Monday
408,2023-03-14,52.0,52.5,50.200001,50.75,50.75,52247904,2023,March,14,Tuesday
409,2023-03-15,51.5,52.200001,50.549999,50.75,50.75,38763143,2023,March,15,Wednesday
410,2023-03-16,50.900002,53.700001,49.849998,53.049999,53.049999,61237058,2023,March,16,Thursday
411,2023-03-17,53.450001,55.75,53.049999,54.900002,54.900002,112918857,2023,March,17,Friday
412,2023-03-20,53.599998,54.75,52.200001,53.549999,53.549999,65578919,2023,March,20,Monday
413,2023-03-21,53.849998,54.150002,52.650002,53.0,53.0,31632951,2023,March,21,Tuesday
414,2023-03-22,53.400002,53.900002,52.700001,53.099998,53.099998,38444991,2023,March,22,Wednesday
415,2023-03-23,52.900002,53.200001,52.099998,52.650002,52.650002,32816290,2023,March,23,Thursday
416,2023-03-24,52.5,52.849998,50.150002,50.650002,50.650002,67243087,2023,March,24,Friday
417,2023-03-27,50.700001,51.299999,49.25,50.099998,50.099998,49618132,2023,March,27,Monday
418,2023-03-28,50.200001,50.549999,49.0,50.25,50.25,50426174,2023,March,28,Tuesday
419,2023-03-29,50.25,51.75,49.599998,51.25,51.25,41464387,2023,March,29,Wednesday
420,2023-03-31,51.25,51.700001,50.650002,51.0,51.0,56566133,2023,March,31,Friday
421,2023-04-03,51.5,52.150002,50.900002,51.950001,51.950001,29241512,2023,April,3,Monday
422,2023-04-05,52.099998,52.900002,51.549999,51.700001,51.700001,25497115,2023,April,5,Wednesday
423,2023-04-06,51.75,52.450001,51.299999,52.150002,52.150002,19695678,2023,April,6,Thursday
424,2023-04-10,52.150002,54.200001,51.799999,53.950001,53.950001,60655412,2023,April,10,Monday
425,2023-04-11,54.650002,55.25,53.25,53.950001,53.950001,41101417,2023,April,11,Tuesday
426,2023-04-12,54.25,54.25,52.900002,53.200001,53.200001,30848068,2023,April,12,Wednesday
427,2023-04-13,53.200001,54.150002,52.849998,53.849998,53.849998,26646279,2023,April,13,Thursday
428,2023-04-17,54.200001,54.25,53.0,53.950001,53.950001,24787918,2023,April,17,Monday
429,2023-04-18,54.049999,54.200001,53.049999,53.299999,53.299999,27617603,2023,April,18,Tuesday
430,2023-04-19,53.599998,55.950001,53.200001,54.150002,54.150002,62022927,2023,April,19,Wednesday
431,2023-04-20,54.150002,54.400002,53.650002,54.200001,54.200001,23096046,2023,April,20,Thursday
432,2023-04-21,54.299999,56.75,54.099998,56.049999,56.049999,106707937,2023,April,21,Friday
433,2023-04-24,55.5,56.400002,54.700001,56.0,56.0,43287483,2023,April,24,Monday
434,2023-04-25,56.400002,60.599998,56.200001,57.75,57.75,199056106,2023,April,25,Tuesday
435,2023-04-26,58.099998,59.0,57.099998,58.200001,58.200001,59765915,2023,April,26,Wednesday
436,2023-04-27,58.599998,61.150002,58.349998,60.700001,60.700001,82969101,2023,April,27,Thursday
437,2023-04-28,60.799999,66.0,59.549999,64.900002,64.900002,190938290,2023,April,28,Friday
438,2023-05-02,64.5,65.650002,63.049999,63.450001,63.450001,112758256,2023,May,2,Tuesday
439,2023-05-03,63.450001,64.949997,63.150002,63.549999,63.549999,65082316,2023,May,3,Wednesday
440,2023-05-04,63.5,66.599998,63.349998,65.699997,65.699997,123042355,2023,May,4,Thursday
441,2023-05-05,65.5,66.699997,64.25,65.400002,65.400002,94016138,2023,May,5,Friday
442,2023-05-08,64.599998,66.199997,63.5,64.900002,64.900002,104940671,2023,May,8,Monday
443,2023-05-09,64.699997,64.699997,60.299999,60.950001,60.950001,127854883,2023,May,9,Tuesday
444,2023-05-10,61.0,62.900002,60.950001,61.799999,61.799999,70220898,2023,May,10,Wednesday
445,2023-05-11,62.599998,63.5,62.0,62.400002,62.400002,75062855,2023,May,11,Thursday
446,2023-05-12,62.5,63.650002,61.599998,62.599998,62.599998,73164520,2023,May,12,Friday
447,2023-05-15,62.099998,64.099998,61.950001,63.700001,63.700001,55886001,2023,May,15,Monday
448,2023-05-16,64.0,65.0,62.400002,63.0,63.0,59311532,2023,May,16,Tuesday
449,2023-05-17,63.0,64.050003,62.25,63.349998,63.349998,47444527,2023,May,17,Wednesday
450,2023-05-18,64.199997,64.599998,63.099998,63.5,63.5,54301847,2023,May,18,Thursday
451,2023-05-19,63.950001,65.0,63.200001,64.5,64.5,73620039,2023,May,19,Friday
452,2023-05-22,64.699997,66.849998,61.799999,63.5,63.5,147006670,2023,May,22,Monday
453,2023-05-23,63.049999,64.0,62.549999,63.200001,63.200001,50797759,2023,May,23,Tuesday
454,2023-05-24,63.0,64.699997,62.75,64.449997,64.449997,60476729,2023,May,24,Wednesday
455,2023-05-25,64.800003,68.199997,64.5,67.300003,67.300003,139721311,2023,May,25,Thursday
456,2023-05-26,67.300003,68.25,65.75,67.25,67.25,86466135,2023,May,26,Friday
457,2023-05-29,67.800003,68.400002,66.599998,67.099998,67.099998,56968141,2023,May,29,Monday
458,2023-05-30,67.5,68.300003,66.449997,66.849998,66.849998,60699589,2023,May,30,Tuesday
459,2023-05-31,67.300003,70.0,66.300003,69.050003,69.050003,251813391,2023,May,31,Wednesday
460,2023-06-01,68.699997,68.800003,67.599998,67.949997,67.949997,57846081,2023,June,1,Thursday
461,2023-06-02,70.0,73.199997,69.5,71.150002,71.150002,170769117,2023,June,2,Friday
462,2023-06-05,71.300003,72.150002,69.599998,71.25,71.25,84075166,2023,June,5,Monday
463,2023-06-06,71.550003,73.150002,71.349998,72.349998,72.349998,64762959,2023,June,6,Tuesday
464,2023-06-07,72.5,75.0,72.400002,74.5,74.5,67871844,2023,June,7,Wednesday
465,2023-06-08,74.800003,76.349998,73.699997,75.800003,75.800003,88006842,2023,June,8,Thursday
466,2023-06-09,77.050003,78.0,75.849998,77.599998,77.599998,77276802,2023,June,9,Friday
467,2023-06-12,78.300003,80.300003,76.5,77.949997,77.949997,105388190,2023,June,12,Monday
468,2023-06-13,77.900002,78.800003,76.699997,78.300003,78.300003,81857154,2023,June,13,Tuesday
469,2023-06-14,78.300003,78.449997,73.25,74.099998,74.099998,83186945,2023,June,14,Wednesday
470,2023-06-15,74.5,76.099998,73.099998,75.099998,75.099998,93321136,2023,June,15,Thursday
471,2023-06-16,75.550003,76.0,73.900002,74.449997,74.449997,45783616,2023,June,16,Friday
472,2023-06-19,74.599998,77.0,74.099998,75.849998,75.849998,62744981,2023,June,19,Monday
473,2023-06-20,76.0,76.400002,74.800003,75.849998,75.849998,30591595,2023,June,20,Tuesday
474,2023-06-21,76.099998,77.349998,74.650002,75.099998,75.099998,31896510,2023,June,21,Wednesday
475,2023-06-22,75.5,75.849998,73.650002,74.349998,74.349998,40419764,2023,June,22,Thursday
476,2023-06-23,73.900002,75.300003,72.550003,74.150002,74.150002,51775728,2023,June,23,Friday
477,2023-06-26,74.150002,75.25,73.800003,74.849998,74.849998,30411621,2023,June,26,Monday
478,2023-06-27,75.150002,76.949997,74.849998,76.150002,76.150002,59078137,2023,June,27,Tuesday
479,2023-06-28,76.150002,76.150002,76.150002,76.150002,76.150002,0,2023,June,28,Wednesday
480,2023-06-30,75.0,75.449997,74.0,75.050003,75.050003,49245376,2023,June,30,Friday
481,2023-07-03,75.449997,77.25,74.550003,75.650002,75.650002,49243205,2023,July,3,Monday
482,2023-07-04,75.800003,76.199997,74.5,74.800003,74.800003,24150257,2023,July,4,Tuesday
483,2023-07-05,74.849998,75.099998,73.699997,74.050003,74.050003,25459694,2023,July,5,Wednesday
484,2023-07-06,74.449997,75.25,74.300003,74.75,74.75,24467816,2023,July,6,Thursday
485,2023-07-07,74.800003,74.900002,73.0,73.25,73.25,26599778,2023,July,7,Friday
486,2023-07-10,73.449997,75.550003,73.400002,74.800003,74.800003,33812208,2023,July,10,Monday
487,2023-07-11,75.050003,77.0,74.900002,76.800003,76.800003,42946892,2023,July,11,Tuesday
488,2023-07-12,77.5,78.800003,77.150002,77.5,77.5,64212629,2023,July,12,Wednesday
489,2023-07-13,77.849998,84.5,77.650002,82.199997,82.199997,192605002,2023,July,13,Thursday
490,2023-07-14,84.0,85.25,81.650002,82.550003,82.550003,91571303,2023,July,14,Friday
491,2023-07-17,83.199997,83.400002,79.5,80.150002,80.150002,43377345,2023,July,17,Monday
492,2023-07-18,80.650002,80.650002,76.5,78.699997,78.699997,71215775,2023,July,18,Tuesday
493,2023-07-19,79.0,80.349998,77.25,77.650002,77.650002,42130927,2023,July,19,Wednesday
494,2023-07-20,78.050003,79.099998,77.300003,77.599998,77.599998,40495235,2023,July,20,Thursday
495,2023-07-21,77.849998,80.699997,77.400002,80.300003,80.300003,74991213,2023,July,21,Friday
496,2023-07-24,80.800003,82.449997,80.550003,81.300003,81.300003,64291285,2023,July,24,Monday
497,2023-07-25,81.300003,83.199997,79.300003,82.650002,82.650002,72459586,2023,July,25,Tuesday
498,2023-07-26,83.099998,84.599998,82.5,83.349998,83.349998,59291226,2023,July,26,Wednesday
499,2023-07-27,83.349998,86.099998,82.800003,84.949997,84.949997,77249384,2023,July,27,Thursday
500,2023-07-28,85.599998,87.25,83.849998,86.800003,86.800003,74798625,2023,July,28,Friday
501,2023-07-31,87.0,87.150002,83.699997,84.099998,84.099998,49093355,2023,July,31,Monday
502,2023-08-01,84.599998,85.699997,84.199997,84.75,84.75,34950470,2023,August,1,Tuesday
503,2023-08-02,84.449997,85.949997,82.650002,85.050003,85.050003,54844625,2023,August,2,Wednesday
504,2023-08-03,81.599998,88.400002,81.599998,86.550003,86.550003,123480816,2023,August,3,Thursday
505,2023-08-04,89.0,98.400002,88.400002,95.400002,95.400002,405751648,2023,August,4,Friday
506,2023-08-07,97.400002,102.849998,96.349998,97.599998,97.599998,249331637,2023,August,7,Monday
507,2023-08-08,98.349998,100.300003,92.699997,93.449997,93.449997,160236123,2023,August,8,Tuesday
508,2023-08-09,93.900002,94.849998,91.599998,94.099998,94.099998,109240947,2023,August,9,Wednesday
509,2023-08-10,94.099998,96.150002,93.25,94.25,94.25,87598556,2023,August,10,Thursday
510,2023-08-11,94.599998,95.199997,93.050003,93.449997,93.449997,38156809,2023,August,11,Friday
511,2023-08-14,93.400002,93.400002,91.349998,92.75,92.75,46668447,2023,August,14,Monday
512,2023-08-16,92.449997,95.599998,91.5,91.900002,91.900002,76333138,2023,August,16,Wednesday
513,2023-08-17,92.300003,93.25,90.5,91.150002,91.150002,45657095,2023,August,17,Thursday
514,2023-08-18,91.0,91.400002,89.0,89.349998,89.349998,50513070,2023,August,18,Friday
515,2023-08-21,90.5,90.5,88.300003,89.75,89.75,36755760,2023,August,21,Monday
516,2023-08-22,90.300003,94.300003,90.099998,91.900002,91.900002,104409241,2023,August,22,Tuesday
517,2023-08-23,92.949997,95.0,92.050003,94.300003,94.300003,64768237,2023,August,23,Wednesday
518,2023-08-24,95.75,95.75,93.199997,93.800003,93.800003,47597101,2023,August,24,Thursday
519,2023-08-25,93.349998,93.349998,90.050003,91.0,91.0,65076321,2023,August,25,Friday
520,2023-08-28,96.0,96.099998,91.75,92.349998,92.349998,141118441,2023,August,28,Monday
521,2023-08-29,92.75,95.0,92.599998,94.699997,94.699997,86708316,2023,August,29,Tuesday
522,2023-08-30,99.5,100.5,97.199997,99.800003,99.800003,250111714,2023,August,30,Wednesday
523,2023-08-31,100.050003,100.800003,96.699997,97.599998,97.599998,113063640,2023,August,31,Thursday
524,2023-09-01,98.300003,98.349998,96.849998,97.199997,97.199997,47561928,2023,September,1,Friday
525,2023-09-04,97.5,98.599998,97.300003,98.050003,98.050003,37447917,2023,September,4,Monday
526,2023-09-05,98.150002,99.300003,97.050003,98.199997,98.199997,51133944,2023,September,5,Tuesday
527,2023-09-06,98.400002,98.849998,97.650002,98.199997,98.199997,28329667,2023,September,6,Wednesday
528,2023-09-07,98.650002,101.599998,98.199997,100.050003,100.050003,111222776,2023,September,7,Thursday
529,2023-09-08,100.75,101.099998,99.0,99.599998,99.599998,63482366,2023,September,8,Friday
530,2023-09-11,100.0,102.550003,99.199997,101.349998,101.349998,83850675,2023,September,11,Monday
531,2023-09-12,102.400002,102.5,96.5,98.75,98.75,90911794,2023,September,12,Tuesday
532,2023-09-13,98.75,100.75,97.0,97.900002,97.900002,71661116,2023,September,13,Wednesday
533,2023-09-14,98.650002,100.099998,98.199997,99.449997,99.449997,45226055,2023,September,14,Thursday
534,2023-09-15,100.5,104.449997,100.349998,102.949997,102.949997,148853172,2023,September,15,Friday
535,2023-09-18,103.599998,105.0,101.650002,102.150002,102.150002,69476642,2023,September,18,Monday
536,2023-09-20,101.300003,104.900002,99.300003,100.0,100.0,104115507,2023,September,20,Wednesday
537,2023-09-21,100.0,100.949997,98.25,99.150002,99.150002,40591612,2023,September,21,Thursday
538,2023-09-22,99.5,101.400002,98.699997,99.900002,99.900002,39492725,2023,September,22,Friday
539,2023-09-25,100.300003,100.5,97.75,98.449997,98.449997,34410972,2023,September,25,Monday
540,2023-09-26,98.599998,100.400002,97.900002,99.900002,99.900002,36822528,2023,September,26,Tuesday
541,2023-09-27,99.900002,101.199997,98.5,100.099998,100.099998,34894254,2023,September,27,Wednesday
542,2023-09-28,100.349998,100.599998,99.300003,99.949997,99.949997,25885383,2023,September,28,Thursday
543,2023-09-29,100.050003,102.75,99.599998,101.5,101.5,49524816,2023,September,29,Friday
544,2023-10-03,101.0,105.900002,100.0,105.300003,105.300003,82983688,2023,October,3,Tuesday
545,2023-10-04,104.400002,104.400002,100.349998,100.75,100.75,68727969,2023,October,4,Wednesday
546,2023-10-05,102.599998,107.699997,102.349998,105.400002,105.400002,140096809,2023,October,5,Thursday
547,2023-10-06,106.400002,107.199997,104.0,104.449997,104.449997,65041435,2023,October,6,Friday
548,2023-10-09,103.800003,105.25,101.0,103.900002,103.900002,53811658,2023,October,9,Monday
549,2023-10-10,104.900002,107.949997,104.650002,106.050003,106.050003,67712329,2023,October,10,Tuesday
550,2023-10-11,106.800003,109.800003,106.550003,109.0,109.0,93838782,2023,October,11,Wednesday
551,2023-10-12,110.199997,113.25,109.5,109.849998,109.849998,117710894,2023,October,12,Thursday
552,2023-10-13,109.849998,111.800003,109.099998,111.0,111.0,55786063,2023,October,13,Friday
553,2023-10-16,111.900002,112.75,110.849998,111.5,111.5,47455521,2023,October,16,Monday
554,2023-10-17,112.5,114.199997,111.5,113.849998,113.849998,55351894,2023,October,17,Tuesday
555,2023-10-18,114.5,115.099998,109.5,113.199997,113.199997,100553806,2023,October,18,Wednesday
556,2023-10-19,112.0,113.150002,110.650002,111.650002,111.650002,43517012,2023,October,19,Thursday
557,2023-10-20,114.0,114.5,112.150002,113.349998,113.349998,64427436,2023,October,20,Friday
558,2023-10-23,113.800003,113.900002,106.800003,108.900002,108.900002,70944550,2023,October,23,Monday
559,2023-10-25,105.650002,109.5,105.550003,108.25,108.25,59685089,2023,October,25,Wednesday
560,2023-10-26,107.5,108.0,101.25,106.449997,106.449997,108605538,2023,October,26,Thursday
561,2023-10-27,107.349998,109.25,105.050003,105.650002,105.650002,43738547,2023,October,27,Friday
562,2023-10-30,106.199997,108.599998,105.699997,107.699997,107.699997,48282252,2023,October,30,Monday
563,2023-10-31,107.849998,108.150002,104.25,105.099998,105.099998,49382539,2023,October,31,Tuesday
564,2023-11-01,105.599998,107.150002,103.25,103.699997,103.699997,47911258,2023,November,1,Wednesday
565,2023-11-02,105.0,108.0,104.900002,107.550003,107.550003,47086204,2023,November,2,Thursday
566,2023-11-03,108.800003,119.900002,108.699997,116.5,116.5,238833377,2023,November,3,Friday
567,2023-11-06,119.599998,123.900002,118.25,123.300003,123.300003,186288904,2023,November,6,Monday
568,2023-11-07,123.550003,126.349998,120.5,121.300003,121.300003,120886007,2023,November,7,Tuesday
569,2023-11-08,122.0,125.699997,121.300003,125.150002,125.150002,75041688,2023,November,8,Wednesday
570,2023-11-09,125.25,125.550003,121.349998,121.849998,121.849998,50307832,2023,November,9,Thursday
571,2023-11-10,122.0,123.300003,120.699997,121.300003,121.300003,43388163,2023,November,10,Friday
572,2023-11-13,122.650002,123.099998,121.5,122.199997,122.199997,28348143,2023,November,13,Monday
573,2023-11-15,123.300003,125.199997,119.75,120.25,120.25,60088818,2023,November,15,Wednesday
574,2023-11-16,120.900002,122.550003,120.699997,121.849998,121.849998,36895083,2023,November,16,Thursday
575,2023-11-17,122.0,125.0,121.5,122.199997,122.199997,43882213,2023,November,17,Friday
576,2023-11-20,122.849998,123.400002,117.349998,118.150002,118.150002,52784478,2023,November,20,Monday
577,2023-11-21,118.550003,119.0,116.050003,116.5,116.5,45193553,2023,November,21,Tuesday
578,2023-11-22,116.0,117.800003,114.349998,115.300003,115.300003,52799865,2023,November,22,Wednesday
579,2023-11-23,113.599998,115.75,112.5,112.949997,112.949997,56329090,2023,November,23,Thursday
580,2023-11-24,114.150002,116.0,112.900002,113.25,113.25,49980086,2023,November,24,Friday
581,2023-11-28,114.900002,116.900002,113.5,113.800003,113.800003,61963724,2023,November,28,Tuesday
582,2023-11-29,117.0,119.199997,114.0,116.599998,116.599998,115274058,2023,November,29,Wednesday
583,2023-11-30,118.800003,120.699997,116.150002,118.550003,118.550003,225208168,2023,November,30,Thursday
584,2023-12-01,118.0,118.349998,115.099998,116.300003,116.300003,57261076,2023,December,1,Friday
585,2023-12-04,118.75,119.0,116.25,117.400002,117.400002,66057180,2023,December,4,Monday
586,2023-12-05,117.900002,118.25,116.25,116.75,116.75,57483305,2023,December,5,Tuesday
587,2023-12-06,117.150002,119.699997,116.599998,118.900002,118.900002,48171753,2023,December,6,Wednesday
588,2023-12-07,119.599998,122.199997,118.400002,121.699997,121.699997,52483562,2023,December,7,Thursday
589,2023-12-08,123.0,123.900002,119.300003,119.949997,119.949997,44213196,2023,December,8,Friday
590,2023-12-11,119.949997,120.5,117.550003,118.449997,118.449997,32372287,2023,December,11,Monday
591,2023-12-12,119.0,119.300003,114.150002,116.75,116.75,40800538,2023,December,12,Tuesday
592,2023-12-13,116.900002,120.5,116.150002,120.0,120.0,48092329,2023,December,13,Wednesday
593,2023-12-14,121.0,124.949997,120.5,124.150002,124.150002,74178495,2023,December,14,Thursday
594,2023-12-15,124.5,125.0,122.400002,123.599998,123.599998,39542770,2023,December,15,Friday
595,2023-12-18,123.400002,129.199997,121.550003,128.550003,128.550003,89553155,2023,December,18,Monday
596,2023-12-19,129.0,131.75,127.400002,130.25,130.25,64117314,2023,December,19,Tuesday
597,2023-12-20,130.350006,131.0,123.150002,124.75,124.75,49006056,2023,December,20,Wednesday
598,2023-12-21,122.150002,128.699997,120.199997,127.349998,127.349998,52326124,2023,December,21,Thursday
599,2023-12-22,130.550003,131.0,125.300003,128.5,128.5,63113800,2023,December,22,Friday
600,2023-12-26,128.5,128.699997,124.300003,125.0,125.0,25499782,2023,December,26,Tuesday
601,2023-12-27,125.699997,127.599998,125.550003,127.050003,127.050003,21757560,2023,December,27,Wednesday
602,2023-12-28,124.900002,125.5,120.599998,123.199997,123.199997,72865479,2023,December,28,Thursday
603,2023-12-29,124.0,125.550003,123.25,123.699997,123.699997,27512604,2023,December,29,Friday
604,2024-01-01,124.449997,125.599998,122.849998,124.5,124.5,24228685,2024,January,1,Monday
605,2024-01-02,127.0,129.449997,125.5,128.699997,128.699997,69395959,2024,January,2,Tuesday
606,2024-01-03,128.800003,130.25,127.099998,127.550003,127.550003,39101172,2024,January,3,Wednesday
607,2024-01-04,128.399994,130.899994,126.449997,129.75,129.75,45285624,2024,January,4,Thursday
608,2024-01-05,130.899994,134.350006,128.949997,133.300003,133.300003,55608923,2024,January,5,Friday
609,2024-01-08,133.649994,133.649994,130.0,132.850006,132.850006,38912423,2024,January,8,Monday
610,2024-01-09,133.199997,135.0,132.600006,134.300003,134.300003,33803263,2024,January,9,Tuesday
611,2024-01-10,134.25,136.149994,132.25,134.649994,134.649994,29917881,2024,January,10,Wednesday
612,2024-01-11,135.300003,139.0,135.050003,138.350006,138.350006,41809415,2024,January,11,Thursday
613,2024-01-12,140.0,141.5,136.800003,139.550003,139.550003,45508277,2024,January,12,Friday
614,2024-01-15,139.550003,139.550003,139.550003,139.550003,139.550003,0,2024,January,15,Monday
615,2024-01-16,135.0,135.300003,131.0,133.550003,133.550003,47043428,2024,January,16,Tuesday
616,2024-01-17,132.399994,132.399994,126.75,127.400002,127.400002,76780526,2024,January,17,Wednesday
617,2024-01-18,128.050003,129.800003,121.599998,129.449997,129.449997,111946831,2024,January,18,Thursday
618,2024-01-19,130.5,135.5,128.0,135.050003,135.050003,81155018,2024,January,19,Friday
619,2024-01-22,135.050003,135.050003,135.050003,135.050003,135.050003,0,2024,January,22,Monday
620,2024-01-23,136.300003,137.300003,127.0,130.100006,130.100006,72520625,2024,January,23,Tuesday
621,2024-01-24,131.449997,136.899994,129.800003,136.199997,136.199997,54612769,2024,January,24,Wednesday
622,2024-01-25,135.899994,138.199997,132.800003,136.149994,136.149994,60682540,2024,January,25,Thursday
623,2024-01-29,136.899994,137.699997,132.350006,135.550003,135.550003,55871017,2024,January,29,Monday
624,2024-01-30,135.850006,138.800003,134.649994,137.199997,137.199997,57612020,2024,January,30,Tuesday
625,2024-01-31,140.0,142.0,138.0,139.550003,139.550003,89833027,2024,January,31,Wednesday
626,2024-02-01,141.0,143.5,138.550003,140.550003,140.550003,70252449,2024,February,1,Thursday
627,2024-02-02,141.800003,145.0,141.449997,143.800003,143.800003,78666454,2024,February,2,Friday
628,2024-02-05,145.0,145.399994,138.25,140.25,140.25,54189688,2024,February,5,Monday
629,2024-02-06,140.399994,141.800003,138.050003,139.949997,139.949997,46782951,2024,February,6,Tuesday
630,2024-02-07,141.0,142.899994,139.649994,140.399994,140.399994,75083259,2024,February,7,Wednesday
